Keyword,Match Type
[film production diploma nairobi],Exact
[film production diploma kenya],Exact
ADMI Search - Diplomas,Film Production Diploma,[enroll film production diploma],Exact match
ADMI Search - Diplomas,Film Production Diploma,[start film production diploma],Exact match
ADMI Search - Diplomas,Film Production Diploma,[apply film production diploma],Exact match
ADMI Search - Diplomas,Film Production Diploma,[film production diploma 2026],Exact match
ADMI Search - Diplomas,Film Production Diploma,"film production diploma nairobi",Phrase match
ADMI Search - Diplomas,Film Production Diploma,"film production diploma kenya",Phrase match
ADMI Search - Diplomas,Graphic Design Diploma,[graphic design diploma nairobi],Exact match
ADMI Search - Diplomas,Graphic Design Diploma,[graphic design diploma kenya],Exact match
ADMI Search - Diplomas,Graphic Design Diploma,[enroll graphic design diploma],Exact match
ADMI Search - Diplomas,Graphic Design Diploma,[start graphic design diploma],Exact match
ADMI Search - Diplomas,Graphic Design Diploma,[apply graphic design diploma],Exact match
ADMI Search - Diplomas,Graphic Design Diploma,[graphic design diploma 2026],Exact match
ADMI Search - Diplomas,Graphic Design Diploma,"graphic design diploma nairobi",Phrase match
ADMI Search - Diplomas,Graphic Design Diploma,"graphic design diploma kenya",Phrase match
ADMI Search - Diplomas,Animation Diploma,[animation diploma nairobi],Exact match
ADMI Search - Diplomas,Animation Diploma,[animation diploma kenya],Exact match
ADMI Search - Diplomas,Animation Diploma,[enroll animation diploma],Exact match
ADMI Search - Diplomas,Animation Diploma,[start animation diploma],Exact match
ADMI Search - Diplomas,Animation Diploma,[apply animation diploma],Exact match
ADMI Search - Diplomas,Animation Diploma,[2d animation diploma],Exact match
ADMI Search - Diplomas,Animation Diploma,[3d animation diploma],Exact match
ADMI Search - Diplomas,Animation Diploma,"animation diploma nairobi",Phrase match
ADMI Search - Diplomas,Animation Diploma,"animation diploma kenya",Phrase match
ADMI Search - Diplomas,Music Production Diploma,[music production diploma nairobi],Exact match
ADMI Search - Diplomas,Music Production Diploma,[music production diploma kenya],Exact match
ADMI Search - Diplomas,Music Production Diploma,[enroll music production diploma],Exact match
ADMI Search - Diplomas,Music Production Diploma,[start music production diploma],Exact match
ADMI Search - Diplomas,Music Production Diploma,[apply music production diploma],Exact match
ADMI Search - Diplomas,Music Production Diploma,"music production diploma nairobi",Phrase match
ADMI Search - Diplomas,Music Production Diploma,"music production diploma kenya",Phrase match
ADMI Search - Diplomas,Photography Diploma,[photography diploma nairobi],Exact match
ADMI Search - Diplomas,Photography Diploma,[photography diploma kenya],Exact match
ADMI Search - Diplomas,Photography Diploma,[enroll photography diploma],Exact match
ADMI Search - Diplomas,Photography Diploma,[start photography diploma],Exact match
ADMI Search - Diplomas,Photography Diploma,[professional photography diploma],Exact match
ADMI Search - Diplomas,Photography Diploma,"photography diploma nairobi",Phrase match
ADMI Search - Diplomas,Photography Diploma,"photography diploma kenya",Phrase match
ADMI Search - Diplomas,Sound Engineering Diploma,[sound engineering diploma nairobi],Exact match
ADMI Search - Diplomas,Sound Engineering Diploma,[sound engineering diploma kenya],Exact match
ADMI Search - Diplomas,Sound Engineering Diploma,[audio production diploma],Exact match
ADMI Search - Diplomas,Sound Engineering Diploma,[audio engineering diploma],Exact match
ADMI Search - Diplomas,Sound Engineering Diploma,"sound engineering diploma nairobi",Phrase match
ADMI Search - Diplomas,Sound Engineering Diploma,"sound engineering diploma kenya",Phrase match
ADMI Search - Diplomas,Motion Graphics Diploma,[motion graphics diploma nairobi],Exact match
ADMI Search - Diplomas,Motion Graphics Diploma,[motion graphics diploma kenya],Exact match
ADMI Search - Diplomas,Motion Graphics Diploma,"motion graphics diploma nairobi",Phrase match
ADMI Search - Diplomas,Cinematography Diploma,[cinematography diploma nairobi],Exact match
ADMI Search - Diplomas,Cinematography Diploma,[cinematography diploma kenya],Exact match
ADMI Search - Diplomas,Cinematography Diploma,[film cinematography diploma],Exact match
ADMI Search - Diplomas,Cinematography Diploma,"cinematography diploma nairobi",Phrase match
ADMI Search - Diplomas,Game Development Diploma,[game development diploma nairobi],Exact match
ADMI Search - Diplomas,Game Development Diploma,[video game design diploma kenya],Exact match
ADMI Search - Diplomas,Game Development Diploma,[game design diploma],Exact match
ADMI Search - Certificates,Film Production Certificate,[film production certificate nairobi],Exact match
ADMI Search - Certificates,Film Production Certificate,[film production certificate kenya],Exact match
ADMI Search - Certificates,Film Production Certificate,[professional film production certificate],Exact match
ADMI Search - Certificates,Film Production Certificate,"film production certificate nairobi",Phrase match
ADMI Search - Certificates,Graphic Design Certificate,[graphic design certificate nairobi],Exact match
ADMI Search - Certificates,Graphic Design Certificate,[graphic design certificate kenya],Exact match
ADMI Search - Certificates,Graphic Design Certificate,[professional graphic design certificate],Exact match
ADMI Search - Certificates,Graphic Design Certificate,"graphic design certificate nairobi",Phrase match
ADMI Search - Certificates,Animation Certificate,[animation certificate nairobi],Exact match
ADMI Search - Certificates,Animation Certificate,[2d animation certificate kenya],Exact match
ADMI Search - Certificates,Animation Certificate,[professional animation certificate],Exact match
ADMI Search - Certificates,Animation Certificate,"animation certificate nairobi",Phrase match
ADMI Search - Certificates,Music Production Certificate,[music production certificate nairobi],Exact match
ADMI Search - Certificates,Music Production Certificate,[music production certificate kenya],Exact match
ADMI Search - Certificates,Music Production Certificate,[audio production certificate],Exact match
ADMI Search - Certificates,Music Production Certificate,"music production certificate nairobi",Phrase match
ADMI Search - Certificates,Photography Certificate,[photography certificate nairobi],Exact match
ADMI Search - Certificates,Photography Certificate,[photography certificate kenya],Exact match
ADMI Search - Certificates,Photography Certificate,[professional photography certificate],Exact match
ADMI Search - Certificates,Photography Certificate,"photography certificate nairobi",Phrase match
ADMI Search - Certificates,Sound Engineering Certificate,[sound engineering certificate nairobi],Exact match
ADMI Search - Certificates,Sound Engineering Certificate,[sound engineering certificate kenya],Exact match
ADMI Search - Certificates,Sound Engineering Certificate,"sound engineering certificate nairobi",Phrase match
ADMI Search - Certificates,Content Creation Certificate,[digital content creation certificate nairobi],Exact match
ADMI Search - Certificates,Content Creation Certificate,[content creation certificate kenya],Exact match
ADMI Search - Certificates,Content Creation Certificate,[social media content certificate],Exact match
ADMI Search - Certificates,Content Creation Certificate,"content creation certificate nairobi",Phrase match
ADMI Search - Certificates,Motion Graphics Certificate,[motion graphics certificate nairobi],Exact match
ADMI Search - Certificates,Motion Graphics Certificate,[motion graphics certificate kenya],Exact match
ADMI Search - Certificates,Video Editing Certificate,[video editing certificate nairobi],Exact match
ADMI Search - Certificates,Video Editing Certificate,[video editing certificate kenya],Exact match
ADMI Search - Certificates,Video Editing Certificate,[professional video editing certificate],Exact match
ADMI Search - Certificates,Video Editing Certificate,"video editing certificate nairobi",Phrase match
ADMI Search - Certificates,Data & Digital Marketing,[data analysis certificate nairobi],Exact match
ADMI Search - Certificates,Data & Digital Marketing,[data visualization certificate kenya],Exact match
ADMI Search - Certificates,Data & Digital Marketing,[digital marketing certificate nairobi],Exact match
ADMI Search - Certificates,Data & Digital Marketing,[digital marketing certificate kenya],Exact match
ADMI Search - Intake & Timeline,2026 Intakes,[film production course january 2026],Exact match
ADMI Search - Intake & Timeline,2026 Intakes,[graphic design course may 2026],Exact match
ADMI Search - Intake & Timeline,2026 Intakes,[animation course september 2026],Exact match
ADMI Search - Intake & Timeline,2026 Intakes,[music production course 2026 intake],Exact match
ADMI Search - Intake & Timeline,2026 Intakes,[photography diploma january intake],Exact match
ADMI Search - Intake & Timeline,2026 Intakes,[sound engineering 2026 intake],Exact match
ADMI Search - Intake & Timeline,2026 Intakes,[diploma courses january intake nairobi],Exact match
ADMI Search - Intake & Timeline,2026 Intakes,[certificate courses may intake kenya],Exact match
ADMI Search - Intake & Timeline,2026 Intakes,[professional courses 2026 nairobi],Exact match
ADMI Search - Career Intent,Film Career,[career in film production kenya],Exact match
ADMI Search - Career Intent,Film Career,[become filmmaker nairobi],Exact match
ADMI Search - Career Intent,Film Career,[film producer training kenya],Exact match
ADMI Search - Career Intent,Design Career,[career in graphic design kenya],Exact match
ADMI Search - Career Intent,Design Career,[become graphic designer nairobi],Exact match
ADMI Search - Career Intent,Design Career,[graphic designer training],Exact match
ADMI Search - Career Intent,Animation Career,[career in animation kenya],Exact match
ADMI Search - Career Intent,Animation Career,[become animator nairobi],Exact match
ADMI Search - Career Intent,Animation Career,[animation career training],Exact match
ADMI Search - Career Intent,Music Career,[career in music production kenya],Exact match
ADMI Search - Career Intent,Music Career,[become music producer nairobi],Exact match
ADMI Search - Career Intent,Music Career,[sound engineer training kenya],Exact match
ADMI Search - Career Intent,Photography Career,[career in photography kenya],Exact match
ADMI Search - Career Intent,Photography Career,[become professional photographer],Exact match
ADMI Search - Career Intent,Photography Career,[photography career nairobi],Exact match
ADMI Search - Career Intent,Content Creator Career,[content creator training nairobi],Exact match
ADMI Search - Career Intent,Content Creator Career,[become content creator kenya],Exact match
ADMI Search - Career Intent,Content Creator Career,[social media creator course],Exact match
ADMI Search - Career Intent,Game Dev Career,[game developer training nairobi],Exact match
ADMI Search - Career Intent,Game Dev Career,[become game developer kenya],Exact match
ADMI Search - Competitive,Best Schools,[best film school nairobi],Exact match
ADMI Search - Competitive,Best Schools,[best film school kenya],Exact match
ADMI Search - Competitive,Best Schools,[top film production school],Exact match
ADMI Search - Competitive,Best Schools,[film school east africa],Exact match
ADMI Search - Competitive,Best Schools,[best graphic design school nairobi],Exact match
ADMI Search - Competitive,Best Schools,[best graphic design school kenya],Exact match
ADMI Search - Competitive,Best Schools,[top design school nairobi],Exact match
ADMI Search - Competitive,Best Schools,[best animation school nairobi],Exact match
ADMI Search - Competitive,Best Schools,[best animation school kenya],Exact match
ADMI Search - Competitive,Best Schools,[animation training east africa],Exact match
ADMI Search - Competitive,Best Schools,[best music production school nairobi],Exact match
ADMI Search - Competitive,Best Schools,[best music production school kenya],Exact match
ADMI Search - Competitive,Best Schools,[recording studio training],Exact match
ADMI Search - Competitive,Affordable Options,[affordable diploma courses nairobi],Exact match
ADMI Search - Competitive,Affordable Options,[affordable film school kenya],Exact match
ADMI Search - Competitive,Affordable Options,[affordable graphic design course],Exact match
ADMI Search - Competitive,Accredited Programs,[accredited film diploma kenya],Exact match
ADMI Search - Competitive,Accredited Programs,[accredited graphic design diploma],Exact match
ADMI Search - Competitive,Accredited Programs,[recognized diploma courses nairobi],Exact match
ADMI Search - Competitive,Creative Media Institute,[creative media institute nairobi],Exact match
ADMI Search - Competitive,Creative Media Institute,[creative media training kenya],Exact match
ADMI Search - Competitive,Creative Media Institute,[media school nairobi],Exact match
